835,835,Abakore,,ACTIVE
1375,1375,Ahero,,ACTIVE
1594,1594,Ainabkoi Olare,,ACTIVE
1216,1216,Air Strip,,ACTIVE
1303,1303,Akala,,ACTIVE
1490,1490,Alale,,ACTIVE
876,876,Alinjugur,,ACTIVE
1229,1229,Alupe,,ACTIVE
1227,1227,Amoding,,ACTIVE
1224,1224,Amogoro,,ACTIVE
1228,1228,Amukura,,ACTIVE
851,851,Arabia,,ACTIVE
1309,1309,Aram,,ACTIVE
828,828,Arbajan,,ACTIVE
1308,1308,Asembo Bay,,ACTIVE
849,849,As Habito,,ACTIVE
1335,1335,Asumbi,,ACTIVE
985,985,Athi River,,ACTIVE
1374,1374,Awasi,,ACTIVE
1442,1442,Awendo,,ACTIVE
1536,1536,Bahati,,ACTIVE
1179,1179,Bahat i,,ACTIVE
865,865,Balambala,,ACTIVE
924,924,Bamba,,ACTIVE
902,902,Bamburi,,ACTIVE
684,684,Banana ,,ACTIVE
846,846,Banisa,,ACTIVE
1460,1460,Baragoi,,ACTIVE
767,767,Baricho,,ACTIVE
1026,1026,BBC,,ACTIVE
776,776,Belview,,ACTIVE
1293,1293,Bendera,,ACTIVE
1113,1113,Bilongo,,ACTIVE
816,816,Birithia,,ACTIVE
1452,1452,Birongo,,ACTIVE
1398,1398,Bobaracho,,ACTIVE
907,907,Bombolulu,,ACTIVE
1500,1500,Bomet,,ACTIVE
1304,1304,Bondo,,ACTIVE
608,608,Bondo,,ACTIVE
603,603,Borabu,,ACTIVE
1391,1391,Bosinange,,ACTIVE
1299,1299,Boyani,,ACTIVE
1146,1146,Brigadier,,ACTIVE
1518,1518,Brooke,,ACTIVE
1207,1207,Budalangi,,ACTIVE
1187,1187,Bukembe,,ACTIVE
1221,1221,Bukiri,,ACTIVE
1274,1274,Bukura,,ACTIVE
1238,1238,Bulemia,,ACTIVE
1236,1236,Bumala A,,ACTIVE
1235,1235,Bumala B,,ACTIVE
1218,1218,Bumbe,,ACTIVE
1206,1206,Bumula,,ACTIVE
831,831,Buna,,ACTIVE
838,838,Buna,,ACTIVE
1152,1152,Bungoma,,ACTIVE
1182,1182,Bungoma CBD,,ACTIVE
878,878,Bura,,ACTIVE
894,894,Bura  Tana River,,ACTIVE
1161,1161,Burguret,,ACTIVE
621,621,Buruburu,,ACTIVE
1264,1264,Butali,,ACTIVE
839,839,Bute,,ACTIVE
1252,1252,Butere Town,,ACTIVE
1171,1171,Buxton,,ACTIVE
742,742,CBD,,ACTIVE
1174,1174,Chaani,,ACTIVE
1355,1355,Chabera,,ACTIVE
777,777,Chaka,,ACTIVE
1231,1231,Chakol,,ACTIVE
1181,1181,Changamwe,,ACTIVE
1073,1073,Charia,,ACTIVE
1582,1582,Charidende,,ACTIVE
1295,1295,Chavakali,,ACTIVE
1507,1507,Chebilat,,ACTIVE
1094,1094,Chebukaka,,ACTIVE
1100,1100,Chebukwa,,ACTIVE
1123,1123,Check Point,,ACTIVE
1376,1376,Chemilil,,ACTIVE
1110,1110,Chemwa,,ACTIVE
1631,1631,Chepchoina,,ACTIVE
1462,1462,Chepkorio,,ACTIVE
1521,1521,Chepsion,,ACTIVE
1204,1204,Cheptais,,ACTIVE
1602,1602,Cheptiret Kipchamo,,ACTIVE
1290,1290,Cheptulu,,ACTIVE
1474,1474,Cheregany,,ACTIVE
1463,1463,Chesoi,,ACTIVE
1310,1310,Chianda,,ACTIVE
1278,1278,Chimoi,,ACTIVE
814,814,Chinga,,ACTIVE
670,670,Chiromo,,ACTIVE
1030,1030,Chogoria,,ACTIVE
1554,1554,Chuka,,ACTIVE
1380,1380,Chulaimbo,,ACTIVE
1002,1002,Chuluni,,ACTIVE
933,933,Chumani,,ACTIVE
1087,1087,Chwele,,ACTIVE
1084,1084,Ciakariga,,ACTIVE
1214,1214,Customs,,ACTIVE
1010,1010,Dabel,,ACTIVE
861,861,Dadaab,,ACTIVE
833,833,Dadaja Bula,,ACTIVE
662,662,Dagoretti,,ACTIVE
823,823,Dambas,,ACTIVE
837,837,Danaba,,ACTIVE
632,632,Dandora,,ACTIVE
847,847,Dantu,,ACTIVE
864,864,Danyere,,ACTIVE
1402,1402,DarajaMbili,,ACTIVE
1381,1381,Daraja Mbili,,ACTIVE
859,859,Dertu,,ACTIVE
914,914,Diani,,ACTIVE
834,834,Diif,,ACTIVE
1121,1121,Dina,,ACTIVE
1163,1163,Doldol,,ACTIVE
629,629,Donholm,,ACTIVE
1324,1324,Dudi,,ACTIVE
863,863,Dujis,,ACTIVE
641,641,Eastleigh,,ACTIVE
1540,1540,Egerton,,ACTIVE
981,981,Ekalakala,,ACTIVE
1449,1449,Ekerenyo,,ACTIVE
1246,1246,Ekero,,ACTIVE
1532,1532,Elbugon,,ACTIVE
1494,1494,Eldama Ravine,,ACTIVE
826,826,Eldas,,ACTIVE
866,866,El Dera,,ACTIVE
1487,1487,Eldoret,,ACTIVE
824,824,El Nur,,ACTIVE
1234,1234,Elukhari,,ACTIVE
1233,1233,Elukongo,,ACTIVE
853,853,Elwak,,ACTIVE
1588,1588,Emabungo,,ACTIVE
624,624,Embakasi,,ACTIVE
946,946,Embu Town,,ACTIVE
940,940,Ena,,ACTIVE
771,771,Endarasha,,ACTIVE
1476,1476,Endebbes,,ACTIVE
1632,1632,Endebess,,ACTIVE
1545,1545,Engineer,,ACTIVE
1068,1068,Equator,,ACTIVE
1270,1270,Eregi,,ACTIVE
1397,1397,Etago,,ACTIVE
1579,1579,Ewaso Kedong,,ACTIVE
1043,1043,Ex Lewa,,ACTIVE
901,901,Faza,,ACTIVE
843,843,Fino,,ACTIVE
1217,1217,Funyula,,ACTIVE
688,688,Gachie ,,ACTIVE
960,960,Gachoka,,ACTIVE
676,676,Gakoe,,ACTIVE
952,952,Gakwegori,,ACTIVE
875,875,Galmagala,,ACTIVE
1301,1301,Gambogi,,ACTIVE
1222,1222,Ganga,,ACTIVE
1165,1165,Ganjoni,,ACTIVE
923,923,Ganze,,ACTIVE
545,545,Garbatula,,ACTIVE
1025,1025,Garbatula ,,ACTIVE
1024,1024,Garbatulla,,ACTIVE
874,874,Garissa Township,,ACTIVE
886,886,Garsen,,ACTIVE
722,722,Gatanga,,ACTIVE
1067,1067,Gatimbi,,ACTIVE
699,699,Gatuanyaga,,ACTIVE
755,755,Gatugura,,ACTIVE
677,677,Gatukuyu,,ACTIVE
674,674,Gatundu,,ACTIVE
1083,1083,Gatunga,,ACTIVE
718,718,Gatunyu,,ACTIVE
720,720,Gatura,,ACTIVE
880,880,Gede,,ACTIVE
1407,1407,Gesonso,,ACTIVE
1419,1419,Gesusu,,ACTIVE
1409,1409,Getare,,ACTIVE
803,803,Giakanja,,ACTIVE
806,806,Gichira,,ACTIVE
757,757,Gichugu,,ACTIVE
645,645,Gigiri,,ACTIVE
730,730,Gikoe,,ACTIVE
1069,1069,Gikumene,,ACTIVE
1543,1543,Gilgil,,ACTIVE
706,706,Gitaru,,ACTIVE
681,681,Githiga,,ACTIVE
1071,1071,Githongo,,ACTIVE
678,678,Githunguri,,ACTIVE
696,696,Githurai Kimbo,,ACTIVE
731,731,Gitugi,,ACTIVE
1022,1022,Golbo,,ACTIVE
883,883,Gongoni,,ACTIVE
830,830,Griftu,,ACTIVE
585,585,Gucha North,,ACTIVE
586,586,Gucha South,,ACTIVE
840,840,Gurar,,ACTIVE
836,836,Habswein,,ACTIVE
829,829,Hadado,,ACTIVE
877,877,Hagardera,,ACTIVE
1223,1223,Hakati,,ACTIVE
1294,1294,Hamisi ,,ACTIVE
1251,1251,Harambe,,ACTIVE
1370,1370,Harambee,,ACTIVE
665,665,Highridge,,ACTIVE
897,897,Hindi,,ACTIVE
890,890,Hola,,ACTIVE
1331,1331,Homa Bay,,ACTIVE
1626,1626,Hospital,,ACTIVE
857,857,Hulugho,,ACTIVE
1618,1618,Huruma,,ACTIVE
858,858,Ifo,,ACTIVE
1230,1230,Igara,,ACTIVE
1387,1387,Igare,,ACTIVE
567,567,Igembe North,,ACTIVE
568,568,Igembe South,,ACTIVE
1431,1431,Igena,,ACTIVE
1058,1058,Igoji,,ACTIVE
870,870,Ijara,,ACTIVE
856,856,Ikabere,,ACTIVE
683,683,Ikinu  ,,ACTIVE
1450,1450,Ikonge,,ACTIVE
1008,1008,Ikutha,,ACTIVE
1559,1559,Ilbisil,,ACTIVE
628,628,Imara Daima,,ACTIVE
1334,1334,Imbo,,ACTIVE
569,569,Imenti North,,ACTIVE
570,570,Imenti South,,ACTIVE
620,620,Industrial Area,,ACTIVE
1571,1571,Isara,,ACTIVE
1427,1427,Isebania,,ACTIVE
957,957,Ishiara,,ACTIVE
1272,1272,Isilu,,ACTIVE
1565,1565,Isinya,,ACTIVE
546,546,Isiolo,,ACTIVE
1461,1461,Iten,,ACTIVE
1385,1385,Itumbe,,ACTIVE
658,658,Jamhuri,,ACTIVE
622,622,Jericho,,ACTIVE
1404,1404,Jogoo,,ACTIVE
1176,1176,Jomvu,,ACTIVE
701,701, Juja,,ACTIVE
1050,1050,Junction,,ACTIVE
1055,1055,Kaaga,,ACTIVE
1497,1497,Kabarnet,,ACTIVE
1498,1498,Kabartonjo,,ACTIVE
781,781,Kabaru,,ACTIVE
737,737,Kabati,,ACTIVE
999,999,Kabati Kitui,,ACTIVE
671,671,Kabete,,ACTIVE
1467,1467,Kabiyet,,ACTIVE
1103,1103,Kabuchai,,ACTIVE
1279,1279,Kaburengo,,ACTIVE
1359,1359,Kachok,,ACTIVE
1356,1356,Kadel,,ACTIVE
1354,1354,Kadongo,,ACTIVE
768,768,Kagio,,ACTIVE
679,679,Kagwe,,ACTIVE
739,739,Kahatia,,ACTIVE
695,695,Kahawa Sukari,,ACTIVE
692,692,Kahawa Wendani,,ACTIVE
738,738,Kahuro,,ACTIVE
1422,1422,Kaimokama,,ACTIVE
1291,1291,Kaimosi,,ACTIVE
811,811,Kaiyaba,,ACTIVE
614,614,Kajiado South,,ACTIVE
818,818,Kajiado Town,,ACTIVE
617,617,Kakamega East,,ACTIVE
1258,1258,Kakamega Town,,ACTIVE
1112,1112,Kakimanyi,,ACTIVE
1481,1481,Kakuma,,ACTIVE
1265,1265,Kakunga,,ACTIVE
733,733,Kakuzi,,ACTIVE
1016,1016,Kalacha,,ACTIVE
1492,1492,Kalbichbich,,ACTIVE
535,535,Kaloleni,,ACTIVE
623,623,Kaloleni Nairobi,,ACTIVE
1444,1444,Kaluoch,,ACTIVE
728,728,Kamacharia,,ACTIVE
1446,1446,Kamagambo,,ACTIVE
1619,1619,Kamagut,,ACTIVE
785,785,Kamakwa,,ACTIVE
800,800,Kambu,,ACTIVE
1445,1445,Kamenji,,ACTIVE
1541,1541,Kampi Ya Moto,,ACTIVE
635,635,Kamukunji,,ACTIVE
634,634,Kamukunji,,ACTIVE
1575,1575,Kamukuru,,ACTIVE
967,967,Kamuongo,,ACTIVE
675,675,Kamwangi,,ACTIVE
751,751,Kamweti,,ACTIVE
936,936,Kanamai,,ACTIVE
726,726,Kandara,,ACTIVE
743,743,Kandongu,,ACTIVE
1184,1184,Kanduyi,,ACTIVE
747,747,Kangaita,,ACTIVE
723,723,Kangari,,ACTIVE
950,950,Kangaru,,ACTIVE
666,666,Kangemi,,ACTIVE
1047,1047,Kangeta,,ACTIVE
988,988,Kangundo,,ACTIVE
551,551,Kangundo,,ACTIVE
945,945,Kanja,,ACTIVE
1059,1059,Kanyakine,,ACTIVE
587,587,Kanyanya,,ACTIVE
943,943,Kanyuambora,,ACTIVE
1493,1493,Kapenguria,,ACTIVE
1510,1510,Kapkatet,,ACTIVE
1611,1611,Kapkures,,ACTIVE
1506,1506,Kaplong,,ACTIVE
1465,1465,Kapsabet,,ACTIVE
1620,1620,Kapsaos,,ACTIVE
1517,1517,Kapsoit,,ACTIVE
1201,1201,Kapsokwony,,ACTIVE
1464,1464,Kapsowar,,ACTIVE
1485,1485,Kapsoya,,ACTIVE
1595,1595,Kapsoya,,ACTIVE
1516,1516,Kapsuser,,ACTIVE
1596,1596,Kaptagat,,ACTIVE
1202,1202,Kaptama,,ACTIVE
1469,1469,Kaptumo,,ACTIVE
962,962,Karaba,,ACTIVE
807,807,Karatina,,ACTIVE
1317,1317,Karemo,,ACTIVE
650,650,Karen,,ACTIVE
1070,1070,Kariene,,ACTIVE
817,817,Karima,,ACTIVE
626,626,Kariobangi,,ACTIVE
636,636,Kariokor,,ACTIVE
1606,1606,Karuna Meibeki,,ACTIVE
685,685,Karuri,,ACTIVE
942,942,Karurumo,,ACTIVE
1213,1213,Kasarani,,ACTIVE
797,797,Kasigau,,ACTIVE
954,954,Kathangariri,,ACTIVE
944,944,Kathangeri,,ACTIVE
1060,1060,Kathera,,ACTIVE
552,552,Kathiani,,ACTIVE
554,554,Kathonzweni,,ACTIVE
998,998,Kathonzweni,,ACTIVE
1368,1368,Katito,,ACTIVE
969,969,Katse,,ACTIVE
1007,1007,Katulani,,ACTIVE
659,659,Kawangware,,ACTIVE
633,633,Kayole,,ACTIVE
1454,1454,Kebirigo,,ACTIVE
1520,1520,Kedowa,,ACTIVE
1412,1412,Kegogi,,ACTIVE
1434,1434,Kegonga,,ACTIVE
1433,1433,Kehancha,,ACTIVE
1413,1413,Kemera,,ACTIVE
1349,1349,Kendu Bay,,ACTIVE
734,734,Kenol,,ACTIVE
1395,1395,Kenyenya,,ACTIVE
1029,1029,Keria,,ACTIVE
1515,1515,Kericho Munincipality,,ACTIVE
1416,1416,Kerina,,ACTIVE
1542,1542,Keringet,,ACTIVE
1394,1394,Keroka,,ACTIVE
744,744,Kerugoya,,ACTIVE
1400,1400,Keumbu,,ACTIVE
1128,1128,Khalala,,ACTIVE
1194,1194,Khaweli,,ACTIVE
1267,1267,Khayega,,ACTIVE
841,841,Khorof Harar,,ACTIVE
1257,1257,Khumusalaba,,ACTIVE
1281,1281,Khwisero,,ACTIVE
1256,1256,khwisero,,ACTIVE
810,810,Kiamariga,,ACTIVE
523,523,Kiambaa,,ACTIVE
965,965,Kiambere,,ACTIVE
689,689,Kiambu,,ACTIVE
746,746,Kiamuruga,,ACTIVE
750,750,Kiamutugu,,ACTIVE
805,805,Kiandu,,ACTIVE
769,769,Kiangai,,ACTIVE
959,959,Kiangombe Mbeere,,ACTIVE
765,765,Kiangwaci,,ACTIVE
1079,1079,Kianjai,,ACTIVE
948,948,Kianjokoma,,ACTIVE
749,749,Kianyaga,,ACTIVE
745,745,Kiaritha,,ACTIVE
809,809,Kiaruiyu,,ACTIVE
1183,1183,Kibabii,,ACTIVE
649,649,Kibera,,ACTIVE
766,766,Kibigoti,,ACTIVE
1036,1036,Kibirichia,,ACTIVE
1624,1624,Kibish,,ACTIVE
1362,1362,Kibos,,ACTIVE
1366,1366,Kiboswa,,ACTIVE
955,955,Kibugu,,ACTIVE
1556,1556,Kibugua,,ACTIVE
996,996,Kibwezi,,ACTIVE
555,555,Kibwezi,,ACTIVE
1032,1032,Kieganguru,,ACTIVE
904,904,Kiembeni,,ACTIVE
1045,1045,Kiengu,,ACTIVE
673,673,Kiganjo,,ACTIVE
779,779,Kiganjo Nyeri,,ACTIVE
724,724,Kigumo,,ACTIVE
1034,1034,Kiirua,,ACTIVE
715,715, Kijabe,,ACTIVE
937,937,Kikambala,,ACTIVE
983,983,Kikumini,,ACTIVE
704,704,Kikuyu,,ACTIVE
663,663,Kileleshwa,,ACTIVE
1457,1457,Kilgoris,,ACTIVE
533,533,Kilifi,,ACTIVE
667,667,Kilimani,,ACTIVE
541,541,Kilindini,,ACTIVE
1300,1300,Kilingili,,ACTIVE
556,556,Kilungu,,ACTIVE
1286,1286,Kima,,ACTIVE
1570,1570,Kimana,,ACTIVE
968,968,Kimangao,,ACTIVE
758,758,Kimbibi,,ACTIVE
714,714,Kimende,,ACTIVE
1205,1205,Kimilili,,ACTIVE
1625,1625,Kiminini,,ACTIVE
1093,1093,Kimukungi,,ACTIVE
1607,1607,Kimumu,,ACTIVE
752,752,Kimunye,,ACTIVE
1526,1526,Kinamba,,ACTIVE
536,536,Kinango,,ACTIVE
786,786,Kingongo,,ACTIVE
1168,1168,Kingorani,,ACTIVE
711,711,Kinoo,,ACTIVE
1056,1056,Kinoru,,ACTIVE
725,725,Kinyona,,ACTIVE
888,888,Kipini,,ACTIVE
525,525,Kipipiri,,ACTIVE
1276,1276,Kipkaren River,,ACTIVE
1519,1519,Kipkelion,,ACTIVE
1597,1597,Kipkenyo,,ACTIVE
1587,1587,kipkomo,,ACTIVE
1621,1621,Kiplombe,,ACTIVE
1612,1612,Kipsomba,,ACTIVE
729,729,Kiriaini,,ACTIVE
802,802,Kiricho,,ACTIVE
1039,1039,Kirimara,,ACTIVE
961,961,Kiritiri,,ACTIVE
719,719,Kirwara,,ACTIVE
1564,1564,Kisaju,,ACTIVE
1573,1573,Kisames,,ACTIVE
1006,1006,Kisasi,,ACTIVE
1584,1584,Kiserian,,ACTIVE
1379,1379,Kisian,,ACTIVE
588,588,Kisii Central,,ACTIVE
589,589,Kisii South,,ACTIVE
1399,1399,Kisii Township,,ACTIVE
1038,1038,Kisima,,ACTIVE
1092,1092,Kisiwa,,ACTIVE
1242,1242,Kisoko,,ACTIVE
989,989,Kisukioni,,ACTIVE
1364,1364,Kisumu CBD,,ACTIVE
593,593,Kisumu East,,ACTIVE
594,594,Kisumu West,,ACTIVE
1475,1475,Kitale,,ACTIVE
1563,1563,Kitengela,,ACTIVE
984,984,Kithimani,,ACTIVE
1072,1072,Kithirune,,ACTIVE
668,668,Kitisuru,,ACTIVE
1001,1001,Kitui,,ACTIVE
548,548,Kitui West,,ACTIVE
1124,1124,Kituni,,ACTIVE
607,607,Kitutu,,ACTIVE
900,900,Kiunga,,ACTIVE
1046,1046,Kiutine,,ACTIVE
982,982,Kivaa,,ACTIVE
951,951,Kivwe,,ACTIVE
1468,1468,Kobujoy,,ACTIVE
1226,1226,Kocholia,,ACTIVE
1225,1225,Kolanya,,ACTIVE
855,855,Kolbio,,ACTIVE
1371,1371,Kolweny,,ACTIVE
625,625,Komarock,,ACTIVE
1360,1360,Kondele,,ACTIVE
1189,1189,Kongoli,,ACTIVE
1283,1283,Kongoni,,ACTIVE
908,908,Kongowea,,ACTIVE
1203,1203,Kopsiro,,ACTIVE
873,873,Korakora,,ACTIVE
1212,1212,Korinda,,ACTIVE
1020,1020,Korr,,ACTIVE
1347,1347,Kosele,,ACTIVE
1350,1350,Kosele,,ACTIVE
869,869,Kotile,,ACTIVE
1613,1613,Kuinet Kapsuswa,,ACTIVE
1560,1560,Kumpa,,ACTIVE
597,597,Kuria East,,ACTIVE
598,598,Kuria West,,ACTIVE
753,753,Kutus,,ACTIVE
1129,1129,Kuywa,,ACTIVE
537,537,Kwale,,ACTIVE
680,680,Kwamaiko,,ACTIVE
941,941,Kyeni,,ACTIVE
646,646,Kyuna,,ACTIVE
966,966,Kyuso,,ACTIVE
1000,1000,Kyusyani,,ACTIVE
1044,1044,Laare,,ACTIVE
844,844,Lafey,,ACTIVE
615,615,Laikipia Central,,ACTIVE
1017,1017,Laisamis,,ACTIVE
825,825,Lakole South,,ACTIVE
895,895,Lamu,,ACTIVE
1598,1598,Langas,,ACTIVE
651,651,Langata,,ACTIVE
524,524,Lari,,ACTIVE
712,712,Lari,,ACTIVE
669,669,Lavington,,ACTIVE
891,891,Laza,,ACTIVE
832,832,Leheley,,ACTIVE
860,860,Liboi,,ACTIVE
713,713,Limuru,,ACTIVE
1509,1509,Litein,,ACTIVE
1477,1477,Lodwar,,ACTIVE
1018,1018,Logologo,,ACTIVE
1482,1482,Loima,,ACTIVE
1553,1553, Loita,,ACTIVE
1568,1568,Loitoktok,,ACTIVE
1479,1479,Lokiatung,,ACTIVE
1480,1480,Lokichar,,ACTIVE
1558,1558,Lokichoggio,,ACTIVE
1478,1478,Lokori,,ACTIVE
1514,1514,Londiani,,ACTIVE
1502,1502,Longisa,,ACTIVE
1534,1534,Longonot,,ACTIVE
1483,1483,Lorugum,,ACTIVE
1013,1013,Loyangalani,,ACTIVE
1319,1319,Luanda,,ACTIVE
1314,1314,Luanda Kotieno,,ACTIVE
1589,1589,Luanda South,,ACTIVE
1342,1342,Luanda Suba,,ACTIVE
1285,1285,Luanda Town,,ACTIVE
1590,1590,Luanda Township,,ACTIVE
1277,1277,Luandeti,,ACTIVE
1260,1260,Lubao,,ACTIVE
1125,1125,Lugulu,,ACTIVE
1247,1247,Lukoye,,ACTIVE
1116,1116,Lukusi,,ACTIVE
1275,1275,Lumakanda,,ACTIVE
917,917,Lunga Lunga,,ACTIVE
1259,1259,Lurambi Amalemba,,ACTIVE
1115,1115,Lutacho,,ACTIVE
1192,1192,Lutungu,,ACTIVE
1109,1109,Luucho,,ACTIVE
1088,1088,Luuya,,ACTIVE
1197,1197,Lwakhakha,,ACTIVE
1191,1191,Lwanda,,ACTIVE
1220,1220,Lwaunda,,ACTIVE
566,566,Maara,,ACTIVE
717,717,Mabanda,,ACTIVE
1104,1104,Mabanga,,ACTIVE
1430,1430,Mabera,,ACTIVE
1437,1437,Macalder,,ACTIVE
553,553,Machakos,,ACTIVE
654,654,Madaraka,,ACTIVE
1311,1311,Madiany,,ACTIVE
868,868,Madogashe,,ACTIVE
892,892,Madogo,,ACTIVE
1576,1576,Magadi,,ACTIVE
885,885,Magarini,,ACTIVE
1424,1424,Magina,,ACTIVE
1209,1209,Magombe,,ACTIVE
1066,1066,Magumoni,,ACTIVE
1348,1348,Magunga,,ACTIVE
1014,1014,Maikona,,ACTIVE
1042,1042,Mailinane,,ACTIVE
1473,1473,Maili Saba,,ACTIVE
1561,1561,Maili Tisa,,ACTIVE
1297,1297,Majengo,,ACTIVE
1167,1167,Majen go,,ACTIVE
618,618,Makadara,,ACTIVE
1114,1114,Makemo,,ACTIVE
1120,1120,Makhese,,ACTIVE
997,997,Makindu,,ACTIVE
922,922,Makinon,,ACTIVE
795,795,Makinon Road,,ACTIVE
619,619,Makongeni,,ACTIVE
557,557,Makueni,,ACTIVE
1132,1132,Makuma,,ACTIVE
1244,1244,Makunga,,ACTIVE
698,698,Makutano,,ACTIVE
963,963,Makutano mbeere,,ACTIVE
1054,1054,Makutano Meru,,ACTIVE
763,763,Makutano Town,,ACTIVE
732,732,Makuyu,,ACTIVE
1141,1141,Malaha,,ACTIVE
1196,1196,Malakisi,,ACTIVE
1239,1239,Malanga,,ACTIVE
1458,1458,Malaral,,ACTIVE
1262,1262,Malava Town,,ACTIVE
1149,1149,Maliki,,ACTIVE
992,992,Malili,,ACTIVE
1089,1089,Malinda,,ACTIVE
534,534,Malindi,,ACTIVE
1271,1271,Malinya,,ACTIVE
845,845,Malka Mari,,ACTIVE
1363,1363,Mamboleo,,ACTIVE
882,882,Mambrui,,ACTIVE
852,852,Mandera Township,,ACTIVE
1160,1160,Mandizini,,ACTIVE
604,604,Manga,,ACTIVE
1137,1137,Mangana,,ACTIVE
798,798,Manyani,,ACTIVE
953,953,Manyatta,,ACTIVE
1254,1254,Manyulia,,ACTIVE
1471,1471,Maraba,,ACTIVE
928,928,Marafa,,ACTIVE
736,736,Maragwa,,ACTIVE
1131,1131,Maraka,,ACTIVE
1096,1096,Marakaru,,ACTIVE
1411,1411,Marani,,ACTIVE
884,884,Marereni,,ACTIVE
926,926,Mariakani,,ACTIVE
1495,1495,Marigat,,ACTIVE
1557,1557,Marima,,ACTIVE
1085,1085,Marimanti,,ACTIVE
1527,1527,Marmanet,,ACTIVE
1097,1097,Marobo,,ACTIVE
1185,1185,Marrel,,ACTIVE
562,562,Marsabit,,ACTIVE
787,787,Marua,,ACTIVE
590,590,Masaba,,ACTIVE
871,871,Masalani,,ACTIVE
1383,1383,Maseno,,ACTIVE
1159,1159,Mashambani,,ACTIVE
1567,1567,Mashuru,,ACTIVE
1423,1423,Masimba,,ACTIVE
980,980,Masinga,,ACTIVE
1453,1453,Matemaiywa,,ACTIVE
1263,1263,Matete,,ACTIVE
1284,1284,Matete,,ACTIVE
808,808,Mathaithi,,ACTIVE
640,640,Mathare,,ACTIVE
979,979,Mathuki,,ACTIVE
994,994,Matiliku,,ACTIVE
1005,1005,Matinyani,,ACTIVE
1142,1142,Matisi,,ACTIVE
934,934,Matsangoni,,ACTIVE
539,539,Matuga,,ACTIVE
1135,1135,Matulo,,ACTIVE
1633,1633,Matumbei,,ACTIVE
1250,1250,Matungu,,ACTIVE
1282,1282,Matungu ,,ACTIVE
1048,1048,Maua,,ACTIVE
1210,1210,Mau Mau,,ACTIVE
796,796,Maungu,,ACTIVE
1154,1154,Mayanja,,ACTIVE
1249,1249,Mayoni,,ACTIVE
925,925,Mazeras,,ACTIVE
1296,1296,Mbale,,ACTIVE
782,782,Mbilili,,ACTIVE
1572,1572,Mbilini,,ACTIVE
580,580,Mbita,,ACTIVE
558,558,Mbooni East,,ACTIVE
559,559,Mbooni West,,ACTIVE
993,993,Mbumbuni,,ACTIVE
1151,1151,Mechimeru,,ACTIVE
1484,1484,Medi Heal ,,ACTIVE
1599,1599,Megun,,ACTIVE
693,693,Membley,,ACTIVE
1414,1414,Menyinkwa,,ACTIVE
1019,1019,Merile,,ACTIVE
1028,1028,Merti,,ACTIVE
571,571,Meru Central,,ACTIVE
572,572,Meru South,,ACTIVE
1051,1051,Meru Township,,ACTIVE
794,794,Mgange,,ACTIVE
599,599,Migori,,ACTIVE
978,978,Migwani,,ACTIVE
1178,1178,Mikindani,,ACTIVE
1082,1082,Mikinduri,,ACTIVE
1061,1061,Mikumbune,,ACTIVE
1136,1136,Milo,,ACTIVE
1199,1199,Miluki,,ACTIVE
893,893,Minijila,,ACTIVE
1338,1338,Miranga,,ACTIVE
526,526,Mirangini,,ACTIVE
1180,1180,Miritini,,ACTIVE
1337,1337,Mirogi,,ACTIVE
909,909,Mishomoroni,,ACTIVE
1126,1126,Misikhu,,ACTIVE
1634,1634,Mitheru,,ACTIVE
1062,1062,Mitiine,,ACTIVE
1063,1063,Mitunguu,,ACTIVE
938,938,Mnarani,,ACTIVE
1581,1581,Mnazini,,ACTIVE
1512,1512,Mogogosiek,,ACTIVE
1410,1410,Mogonchoro,,ACTIVE
1386,1386,Mogonga,,ACTIVE
1496,1496,Mogotio,,ACTIVE
1377,1377,Mohoroni,,ACTIVE
1608,1608,Moiben,,ACTIVE
1614,1614,MoiS Bridge,,ACTIVE
1531,1531,Molo,,ACTIVE
542,542,Mombasa,,ACTIVE
1585,1585,Mombasa North,,ACTIVE
1586,1586,Mombasa South,,ACTIVE
1406,1406,Mosocho,,ACTIVE
565,565,Moyale,,ACTIVE
899,899,Mpeketoni,,ACTIVE
538,538,Msabweni,,ACTIVE
915,915,Msambweni,,ACTIVE
799,799,Mtito,,ACTIVE
910,910,Mtongwe,,ACTIVE
929,929,Mtwapa,,ACTIVE
686,686,Muchatha,,ACTIVE
1292,1292,Mudete,,ACTIVE
1143,1143,Mufupi,,ACTIVE
775,775,Mugunda,,ACTIVE
1439,1439,Muhuru Bay,,ACTIVE
1130,1130,Muji,,ACTIVE
560,560,Mukaa,,ACTIVE
1107,1107,Mukhweya,,ACTIVE
1164,1164,Mukogodo,,ACTIVE
898,898,Mukowe,,ACTIVE
531,531,Mukurueini,,ACTIVE
812,812,Mukurweini,,ACTIVE
1150,1150,Mukuyuni,,ACTIVE
1501,1501,Mulot,,ACTIVE
1255,1255,Mulwanda,,ACTIVE
1243,1243,Mumias Town,,ACTIVE
971,971,Mumoni,,ACTIVE
1211,1211,Mundere,,ACTIVE
780,780,Munyu,,ACTIVE
727,727,Muranga,,ACTIVE
740,740,Murarandia,,ACTIVE
1456,1456,Murkhan,,ACTIVE
754,754,Mururi,,ACTIVE
1101,1101,Musese,,ACTIVE
1157,1157,Musikoma,,ACTIVE
1273,1273,Musoli,,ACTIVE
1080,1080,Muthaara,,ACTIVE
648,648,Muthaiga,,ACTIVE
1635,1635,Muthambi,,ACTIVE
760,760,Mutithi,,ACTIVE
549,549,Mutitu,,ACTIVE
550,550,Mutomo,,ACTIVE
672,672,Mutomo Gatundu,,ACTIVE
1193,1193,Mutomolo,,ACTIVE
1049,1049,Mutuate,,ACTIVE
949,949,Mutunduri,,ACTIVE
1090,1090,Muyayi,,ACTIVE
790,790,Mwakitau,,ACTIVE
987,987,Mwala,,ACTIVE
788,788,Mwatate,,ACTIVE
770,770,Mweiga,,ACTIVE
1403,1403,Mwembe,,ACTIVE
1172,1172,Mwembe Tayari,,ACTIVE
1155,1155,Mwibale,,ACTIVE
1591,1591,Mwibona,,ACTIVE
1636,1636,Mwimbi,,ACTIVE
972,972,Mwingi,,ACTIVE
1261,1261,Mwiyala,,ACTIVE
1037,1037,Naari,,ACTIVE
1627,1627,Nabiswa,,ACTIVE
1133,1133,Nabuyole,,ACTIVE
1486,1486,Naibei,,ACTIVE
576,576,Nairobi East,,ACTIVE
577,577,Nairobi North,,ACTIVE
578,578,Nairobi West,,ACTIVE
652,652,Nairobi West,,ACTIVE
1091,1091,Nairumbi,,ACTIVE
773,773,Nairutia,,ACTIVE
1145,1145,Naitiri,,ACTIVE
1533,1533,Naivasha,,ACTIVE
1535,1535,Nakuru,,ACTIVE
1102,1102,Nalondo,,ACTIVE
1562,1562,Namanga,,ACTIVE
1106,1106,Namangofulo,,ACTIVE
1122,1122,Nambalayi,,ACTIVE
1466,1466,Nandi Hills,,ACTIVE
1188,1188,Nandolia,,ACTIVE
1139,1139,Nangili,,ACTIVE
1098,1098,Nanilama,,ACTIVE
1162,1162,Nanyuki,,ACTIVE
1549,1549,Narok,,ACTIVE
1551,1551,Narok Township,,ACTIVE
778,778,Narumoru,,ACTIVE
1528,1528,Narumoru Town,,ACTIVE
1240,1240,Nasira,,ACTIVE
1555,1555,Ndagani,,ACTIVE
721,721,Ndakaini,,ACTIVE
1147,1147,Ndalu,,ACTIVE
700,700,Ndarugo,,ACTIVE
707,707,Ndenderu,,ACTIVE
581,581,Ndhiwa,,ACTIVE
1313,1313,Ndigwa,,ACTIVE
748,748,Ndima,,ACTIVE
1302,1302,Ndori,,ACTIVE
682,682,Ndumberi ,,ACTIVE
710,710,Ndumbuini,,ACTIVE
1537,1537,Ndundori,,ACTIVE
815,815,Ndunyu,,ACTIVE
789,789,Ngambwa,,ACTIVE
642,642,Ngara,,ACTIVE
1524,1524,Ngarua,,ACTIVE
1622,1622,Ngenyilel,,ACTIVE
1600,1600,Ngeria,,ACTIVE
1499,1499,Nginyang,,ACTIVE
1322,1322,Ngiya,,ACTIVE
977,977,Ngomeni,,ACTIVE
819,819,Ngong,,ACTIVE
761,761,Nguka,,ACTIVE
974,974,Nguni,,ACTIVE
1577,1577,Ngurumani,,ACTIVE
1041,1041,Ngusishi,,ACTIVE
976,976,Ngutani,,ACTIVE
1140,1140,Ngwelo,,ACTIVE
1546,1546,Njambini,,ACTIVE
630,630,Njiru,,ACTIVE
1539,1539,Njoro,,ACTIVE
1086,1086,Nkondi,,ACTIVE
1057,1057,Nkubu,,ACTIVE
1021,1021,North Horr,,ACTIVE
591,591,North Masaba,,ACTIVE
1065,1065,Ntharene,,ACTIVE
958,958,Nthawa,,ACTIVE
1436,1436,Ntimaru,,ACTIVE
1040,1040,Ntirimiti,,ACTIVE
1035,1035,Ntugi,,ACTIVE
991,991,Nunguni,,ACTIVE
975,975,Nuu,,ACTIVE
1417,1417,Nyabigege,,ACTIVE
1435,1435,Nyabohanze,,ACTIVE
1420,1420,Nyacheki,,ACTIVE
1415,1415,Nyachenge,,ACTIVE
1318,1318,Nyadorera,,ACTIVE
1367,1367,Nyahera,,ACTIVE
1530,1530,Nyahururu,,ACTIVE
595,595,Nyakach,,ACTIVE
1405,1405,Nyakoe,,ACTIVE
1372,1372,Nyakwere,,ACTIVE
1361,1361,Nyalenda,,ACTIVE
903,903,Nyali ,,ACTIVE
592,592,Nyamache,,ACTIVE
1432,1432,Nyamaharaga,,ACTIVE
1389,1389,Nyamarambe,,ACTIVE
1358,1358,Nyamasaria,,ACTIVE
606,606,Nyamira,,ACTIVE
1429,1429,Nyamtiro,,ACTIVE
1401,1401,Nyanchwa,,ACTIVE
527,527,Nyandarua Central,,ACTIVE
528,528,Nyandarua North,,ACTIVE
529,529,Nyandarua South,,ACTIVE
530,530,Nyandarua West,,ACTIVE
596,596,Nyando,,ACTIVE
1421,1421,Nyangusu,,ACTIVE
1329,1329,Nyangweso,,ACTIVE
1451,1451,Nyansiongo,,ACTIVE
1390,1390,Nyaramba,,ACTIVE
600,600,Nyatike,,ACTIVE
532,532,Nyeri East,,ACTIVE
783,783,Nyeri Town,,ACTIVE
1307,1307,Nyilima,,ACTIVE
1316,1316,Nyiya,,ACTIVE
995,995,Nzaui,,ACTIVE
561,561,Nzaui,,ACTIVE
1156,1156,Nzoia,,ACTIVE
1003,1003,Nzombe,,ACTIVE
1012,1012,Obbu,,ACTIVE
1011,1011,Odda,,ACTIVE
1232,1232,Ogalo,,ACTIVE
1388,1388,Ogembo,,ACTIVE
1341,1341,Ogongo,,ACTIVE
1382,1382,Ojola,,ACTIVE
1448,1448,Okenge,,ACTIVE
1336,1336,Okok,,ACTIVE
1330,1330,Olare,,ACTIVE
1548,1548,Ol Jororok,,ACTIVE
1547,1547,Ol Kalou,,ACTIVE
1552,1552,Ololunga,,ACTIVE
1566,1566,Oloolotikoshi,,ACTIVE
1574,1574,Oltepesi,,ACTIVE
1583,1583,Ongata Rongai,,ACTIVE
1378,1378,Ontonglo,,ACTIVE
1443,1443,Opapo,,ACTIVE
1447,1447,Otati,,ACTIVE
813,813,Othaya,,ACTIVE
653,653,Otiende ,,ACTIVE
1489,1489,Outspan,,ACTIVE
1306,1306,Oyude,,ACTIVE
1351,1351,Oyugis,,ACTIVE
643,643,Pangani,,ACTIVE
1369,1369,Pap Onditi,,ACTIVE
647,647,Parklands,,ACTIVE
1384,1384,Paw Akuche,,ACTIVE
756,756,Pia,,ACTIVE
1488,1488,Pioneer,,ACTIVE
1175,1175,Portreitz,,ACTIVE
1208,1208,Port Victoria,,ACTIVE
927,927,Rabai,,ACTIVE
1357,1357,Rabuor,,ACTIVE
1603,1603,Racecourse,,ACTIVE
583,583,Rachuonyo North,,ACTIVE
584,584,Rachuonyo South,,ACTIVE
1312,1312,Ragengni,,ACTIVE
850,850,Ramu,,ACTIVE
774,774,Ramuria,,ACTIVE
1440,1440,Ranen,,ACTIVE
1326,1326,Rangala,,ACTIVE
1333,1333,Rangwe,,ACTIVE
1441,1441,Rapogi,,ACTIVE
609,609,Rarieda,,ACTIVE
1340,1340,Ratanga,,ACTIVE
1177,1177,Refinery,,ACTIVE
1345,1345,Remba,,ACTIVE
964,964,Riakanaumakima,,ACTIVE
1365,1365,Riat,,ACTIVE
1352,1352,Ringa,,ACTIVE
1392,1392,Riosiri,,ACTIVE
660,660,Riruta,,ACTIVE
1332,1332,Rodi,,ACTIVE
1569,1569,Rombo,,ACTIVE
601,601,Rongo,,ACTIVE
1511,1511,Roret,,ACTIVE
637,637,Roysambu,,ACTIVE
687,687,Ruaka,,ACTIVE
638,638,Ruaraka,,ACTIVE
1052,1052,Ruiri,,ACTIVE
697,697,Ruiru,,ACTIVE
1522,1522,Rumuruti,,ACTIVE
644,644,Runda,,ACTIVE
939,939,Runyenjes,,ACTIVE
784,784,Ruringu,,ACTIVE
1344,1344,Rusinga,,ACTIVE
1119,1119,Sabana,,ACTIVE
735,735,SabaSaba,,ACTIVE
1253,1253,Sabatia Junction,,ACTIVE
1287,1287,Sabatia Town,,ACTIVE
764,764,Sagana,,ACTIVE
920,920,Samburu,,ACTIVE
1396,1396,Sameta,,ACTIVE
1158,1158,Sangalo,,ACTIVE
1455,1455,Sanganyi,,ACTIVE
1198,1198,Sango,,ACTIVE
862,862,Sankuri,,ACTIVE
1321,1321,Sawagongo,,ACTIVE
1169,1169,Sega,,ACTIVE
1328,1328,Sega Siaya,,ACTIVE
1615,1615,Segero Barsombe,,ACTIVE
1288,1288,Serem,,ACTIVE
1609,1609,Sergoit,,ACTIVE
1289,1289,Shamakhokho,,ACTIVE
906,906,Shanzu,,ACTIVE
911,911,Shelly Beach,,ACTIVE
1245,1245,Shianda,,ACTIVE
1248,1248,Shibale,,ACTIVE
912,912,Shika Adabu,,ACTIVE
1148,1148,Shikhendu,,ACTIVE
1166,1166,Shimanzi,,ACTIVE
919,919,Shimoni,,ACTIVE
1280,1280,Shinyalu,,ACTIVE
956,956,Siakago,,ACTIVE
610,610,Siaya,,ACTIVE
1325,1325,Sidindi,,ACTIVE
1268,1268,Sigalagala,,ACTIVE
1269,1269,Sigalagala junction,,ACTIVE
1153,1153,Sigalame,,ACTIVE
705,705,Sigona,,ACTIVE
1491,1491,Sigor,,ACTIVE
1504,1504,Sigor in Bomet,,ACTIVE
1108,1108,Sikata,,ACTIVE
1628,1628,Sikhendu,,ACTIVE
1353,1353,Sikri,,ACTIVE
1105,1105,Sikusi,,ACTIVE
1601,1601,Simat Kapseret,,ACTIVE
1343,1343,Sindo,,ACTIVE
1219,1219,Sio Port,,ACTIVE
1134,1134,Sipala,,ACTIVE
1523,1523,Sipili,,ACTIVE
1099,1099,Sirare,,ACTIVE
1629,1629,Sirende,,ACTIVE
1529,1529,Sirima,,ACTIVE
1195,1195,Sirisia,,ACTIVE
1186,1186,Siritanyi,,ACTIVE
1127,1127,Sitikho,,ACTIVE
1215,1215,Sofia,,ACTIVE
913,913,Soko Mjinga,,ACTIVE
1009,1009,Sololo,,ACTIVE
1373,1373,Sondu,,ACTIVE
1472,1472,Songhor,,ACTIVE
1438,1438,Sori,,ACTIVE
1513,1513,Sosiot,,ACTIVE
1505,1505,Sotik,,ACTIVE
627,627,South B,,ACTIVE
657,657,South C,,ACTIVE
1616,1616,soy,,ACTIVE
639,639,Starehe,,ACTIVE
582,582,Suba,,ACTIVE
1027,1027,Subuiga,,ACTIVE
1544,1544,Subukia,,ACTIVE
1190,1190,Sudi,,ACTIVE
1418,1418,Suneka,,ACTIVE
1550,1550,Suswa,,ACTIVE
1393,1393,Tabaka,,ACTIVE
543,543,Taita,,ACTIVE
848,848,Takaba,,ACTIVE
930,930,Takaungu,,ACTIVE
544,544,Tana Delta,,ACTIVE
1241,1241,Tanga Kona,,ACTIVE
1623,1623,Tapsagoi,,ACTIVE
1604,1604,Tarakwa,,ACTIVE
1428,1428,Taranganya,,ACTIVE
889,889,Tarasaa,,ACTIVE
822,822,Tarbaj,,ACTIVE
921,921,Taru,,ACTIVE
791,791,Taveta,,ACTIVE
1610,1610,Tembelio,,ACTIVE
1095,1095,Teremi,,ACTIVE
1117,1117,Tete,,ACTIVE
932,932,Tezo,,ACTIVE
575,575,Tharaka North,,ACTIVE
703,703,Thika,,ACTIVE
1053,1053,Thimangiri,,ACTIVE
573,573,Tigania East,,ACTIVE
574,574,Tigania West,,ACTIVE
1033,1033,Timau,,ACTIVE
1470,1470,Tinderet,,ACTIVE
1578,1578,Tinga,,ACTIVE
1237,1237,Tingolo,,ACTIVE
1118,1118,T Junction,,ACTIVE
867,867,Tokajo,,ACTIVE
694,694,Toll,,ACTIVE
1144,1144,Tongaren,,ACTIVE
616,616,Trans Mara,,ACTIVE
1004,1004,Tseikuru,,ACTIVE
1170,1170,Tudor,,ACTIVE
1200,1200,Tulienge,,ACTIVE
1605,1605,Tulwet Chuiyat,,ACTIVE
1015,1015,Turbi,,ACTIVE
1593,1593,Uasin Gishu,,ACTIVE
1327,1327,Ugunja,,ACTIVE
973,973,Ukasi,,ACTIVE
916,916,Ukunda,,ACTIVE
1064,1064,Ukuu,,ACTIVE
1315,1315,Ukwala,,ACTIVE
631,631,Umoja,,ACTIVE
716,716,Uplands,,ACTIVE
1023,1023,Uran,,ACTIVE
602,602,Uriri,,ACTIVE
1081,1081,Urru,,ACTIVE
1305,1305,Usenge,,ACTIVE
905,905,Utange,,ACTIVE
709,709,Uthiru,,ACTIVE
918,918,Vanga,,ACTIVE
1298,1298,Vihiga Centre,,ACTIVE
935,935,Vipingo,,ACTIVE
801,801,Voi,,ACTIVE
1320,1320,Wagai,,ACTIVE
970,970,Waita,,ACTIVE
1630,1630,Waitaluk,,ACTIVE
661,661,Waithaka,,ACTIVE
842,842,Wajir Bor,,ACTIVE
827,827,Wajir Township,,ACTIVE
804,804,Wamagana,,ACTIVE
1459,1459,Wamba,,ACTIVE
762,762,Wamumu,,ACTIVE
708,708,Wangige,,ACTIVE
759,759,Wanguru,,ACTIVE
854,854,Wargadud,,ACTIVE
879,879,Watamu,,ACTIVE
772,772,Watuka,,ACTIVE
1111,1111,Webuye,,ACTIVE
1592,1592,Wemilabi,,ACTIVE
1580,1580,Wenje,,ACTIVE
793,793,Werugha,,ACTIVE
1266,1266,West Kenya,,ACTIVE
579,579,Westlands,,ACTIVE
664,664,Westlands,,ACTIVE
656,656,Wilson airport,,ACTIVE
702,702,Witeithie,,ACTIVE
887,887,Witu,,ACTIVE
655,655,Woodley,,ACTIVE
990,990,Wote,,ACTIVE
792,792,Wundanyi Town,,ACTIVE
1323,1323,Yala,,ACTIVE
1138,1138,Yalusi,,ACTIVE
1617,1617,Ziwa,,ACTIVE
1173,1173,Ziwani,,ACTIVE
